Date,rainfall
1/1/2000,0.4
1/2/2000,0
1/3/2000,0
1/4/2000,3.4
1/5/2000,1.4
1/6/2000,0
1/7/2000,0
1/8/2000,0
1/9/2000,0
1/10/2000,2.2
1/11/2000,0
1/12/2000,0
1/13/2000,0
1/14/2000,0
1/15/2000,0
1/16/2000,0.4
1/17/2000,0.8
1/18/2000,0
1/19/2000,0
1/20/2000,0
1/21/2000,0
1/22/2000,0.6
1/23/2000,9.4
1/24/2000,0.4
1/25/2000,0.2
1/26/2000,1.8
1/27/2000,14.2
1/28/2000,2.6
1/29/2000,0.2
1/30/2000,0
1/31/2000,0
2/1/2000,0
2/2/2000,0
2/3/2000,0
2/4/2000,0.4
2/5/2000,0
2/6/2000,0
2/7/2000,0
2/8/2000,0
2/9/2000,0
2/10/2000,0
2/11/2000,6.4
2/12/2000,3.2
2/13/2000,0
2/14/2000,0
2/15/2000,0
2/16/2000,0
2/17/2000,0
2/18/2000,0
2/19/2000,0
2/20/2000,0.4
2/21/2000,0
2/22/2000,2.8
2/23/2000,2
2/24/2000,1.4
2/25/2000,0
2/26/2000,16.6
2/27/2000,0
2/28/2000,0
2/29/2000,0.2
3/1/2000,0.2
3/2/2000,0
3/3/2000,0
3/4/2000,5.2
3/5/2000,0
3/6/2000,0.4
3/7/2000,0
3/8/2000,0
3/9/2000,0
3/10/2000,0
3/11/2000,0
3/12/2000,0
3/13/2000,0
3/14/2000,0
3/15/2000,0
3/16/2000,0
3/17/2000,0
3/18/2000,0
3/19/2000,0
3/20/2000,0.6
3/21/2000,0
3/22/2000,0
3/23/2000,18.8
3/24/2000,0
3/25/2000,0
3/26/2000,0
3/27/2000,0
3/28/2000,0
3/29/2000,0.2
3/30/2000,0
3/31/2000,0
4/1/2000,0.2
4/2/2000,0
4/3/2000,0
4/4/2000,0
4/5/2000,30.4
4/6/2000,0
4/7/2000,0
4/8/2000,0
4/9/2000,0
4/10/2000,0
4/11/2000,0
4/12/2000,0
4/13/2000,0
4/14/2000,4.4
4/15/2000,2.8
4/16/2000,1
4/17/2000,0.2
4/18/2000,0
4/19/2000,0
4/20/2000,0
4/21/2000,0
4/22/2000,0.2
4/23/2000,0
4/24/2000,0
4/25/2000,0
4/26/2000,0
4/27/2000,0
4/28/2000,0
4/29/2000,0
4/30/2000,7.8
5/1/2000,3.8
5/2/2000,0
5/3/2000,0
5/4/2000,13.2
5/5/2000,2
5/6/2000,12.8
5/7/2000,0
5/8/2000,0
5/9/2000,0
5/10/2000,0
5/11/2000,0
5/12/2000,0
5/13/2000,0.6
5/14/2000,0
5/15/2000,0
5/16/2000,0.4
5/17/2000,0.6
5/18/2000,0
5/19/2000,0
5/20/2000,0
5/21/2000,0
5/22/2000,0
5/23/2000,0
5/24/2000,0
5/25/2000,0
5/26/2000,0
5/27/2000,6.2
5/28/2000,5
5/29/2000,2
5/30/2000,26.4
5/31/2000,18
6/1/2000,4.6
6/2/2000,3.8
6/3/2000,0
6/4/2000,0.4
6/5/2000,5.6
6/6/2000,16.6
6/7/2000,3.2
6/8/2000,0
6/9/2000,0
6/10/2000,0.6
6/11/2000,0.2
6/12/2000,0
6/13/2000,0
6/14/2000,0
6/15/2000,0
6/16/2000,0
6/17/2000,0
6/18/2000,0
6/19/2000,0
6/20/2000,0
6/21/2000,0.4
6/22/2000,0.6
6/23/2000,5.4
6/24/2000,0
6/25/2000,0
6/26/2000,0
6/27/2000,0
6/28/2000,0
6/29/2000,0.4
6/30/2000,0.2
7/1/2000,1
7/2/2000,0
7/3/2000,0
7/4/2000,0
7/5/2000,0
7/6/2000,3.4
7/7/2000,0
7/8/2000,0
7/9/2000,0
7/10/2000,0.4
7/11/2000,0.2
7/12/2000,0
7/13/2000,1.4
7/14/2000,0.4
7/15/2000,0.4
7/16/2000,0
7/17/2000,0
7/18/2000,0
7/19/2000,9.6
7/20/2000,7
7/21/2000,0
7/22/2000,0
7/23/2000,0
7/24/2000,0
7/25/2000,0.8
7/26/2000,10.4
7/27/2000,9
7/28/2000,2.8
7/29/2000,0
7/30/2000,0
7/31/2000,0
8/1/2000,0
8/2/2000,0
8/3/2000,0
8/4/2000,0
8/5/2000,0
8/6/2000,0
8/7/2000,0
8/8/2000,0
8/9/2000,16.8
8/10/2000,2
8/11/2000,0
8/12/2000,0.2
8/13/2000,0
8/14/2000,0
8/15/2000,1.6
8/16/2000,9.4
8/17/2000,0
8/18/2000,0
8/19/2000,0
8/20/2000,0
8/21/2000,0
8/22/2000,0.8
8/23/2000,0
8/24/2000,0
8/25/2000,4
8/26/2000,1.2
8/27/2000,0
8/28/2000,2
8/29/2000,2
8/30/2000,4.2
8/31/2000,5
9/1/2000,0
9/2/2000,3.8
9/3/2000,6
9/4/2000,0
9/5/2000,1.6
9/6/2000,0.2
9/7/2000,0.4
9/8/2000,9.2
9/9/2000,6.6
9/10/2000,2.2
9/11/2000,6
9/12/2000,0.6
9/13/2000,0
9/14/2000,0
9/15/2000,3.2
9/16/2000,0
9/17/2000,0
9/18/2000,0
9/19/2000,0
9/20/2000,4.2
9/21/2000,0
9/22/2000,0
9/23/2000,0
9/24/2000,0
9/25/2000,5.6
9/26/2000,24.2
9/27/2000,7.4
9/28/2000,0
9/29/2000,0.4
9/30/2000,0
10/1/2000,3.4
10/2/2000,1.2
10/3/2000,0
10/4/2000,0
10/5/2000,0
10/6/2000,0
10/7/2000,0.2
10/8/2000,1.6
10/9/2000,0.2
10/10/2000,0
10/11/2000,3.2
10/12/2000,0
10/13/2000,0
10/14/2000,0
10/15/2000,6.6
10/16/2000,0.8
10/17/2000,0.4
10/18/2000,0
10/19/2000,3.4
10/20/2000,7.8
10/21/2000,0.2
10/22/2000,0
10/23/2000,0
10/24/2000,32.2
10/25/2000,38.4
10/26/2000,2.6
10/27/2000,0.2
10/28/2000,2.6
10/29/2000,0.8
10/30/2000,0
10/31/2000,0
11/1/2000,0
11/2/2000,14.8
11/3/2000,2
11/4/2000,0
11/5/2000,0
11/6/2000,0.2
11/7/2000,0
11/8/2000,0
11/9/2000,0
11/10/2000,0.8
11/11/2000,8.4
11/12/2000,4.2
11/13/2000,0
11/14/2000,0
11/15/2000,0
11/16/2000,0.8
11/17/2000,1.4
11/18/2000,0
11/19/2000,0
11/20/2000,0
11/21/2000,1
11/22/2000,0
11/23/2000,0
11/24/2000,0
11/25/2000,0
11/26/2000,0
11/27/2000,0
11/28/2000,0
11/29/2000,1.2
11/30/2000,0
12/1/2000,3
12/2/2000,0
12/3/2000,0
12/4/2000,0.2
12/5/2000,0
12/6/2000,0
12/7/2000,0
12/8/2000,0
12/9/2000,0
12/10/2000,0
12/11/2000,0.6
12/12/2000,0
12/13/2000,0
12/14/2000,0
12/15/2000,0
12/16/2000,0
12/17/2000,0
12/18/2000,0
12/19/2000,0
12/20/2000,0
12/21/2000,0
12/22/2000,6
12/23/2000,23.2
12/24/2000,0
12/25/2000,0
12/26/2000,0
12/27/2000,0
12/28/2000,1.2
12/29/2000,0.4
12/30/2000,0
12/31/2000,0
1/1/2001,0
1/2/2001,0
1/3/2001,0.2
1/4/2001,0
1/5/2001,0.8
1/6/2001,0
1/7/2001,0
1/8/2001,0
1/9/2001,0
1/10/2001,0
1/11/2001,0
1/12/2001,0
1/13/2001,0
1/14/2001,0
1/15/2001,0
1/16/2001,0
1/17/2001,0
1/18/2001,1.8
1/19/2001,0
1/20/2001,0
1/21/2001,0
1/22/2001,0
1/23/2001,0.2
1/24/2001,0.2
1/25/2001,7.8
1/26/2001,0
1/27/2001,0.8
1/28/2001,0
1/29/2001,0
1/30/2001,0
1/31/2001,0
2/1/2001,0
2/2/2001,0
2/3/2001,0
2/4/2001,0
2/5/2001,1.8
2/6/2001,0
2/7/2001,0
2/8/2001,0
2/9/2001,0
2/10/2001,0.6
2/11/2001,0
2/12/2001,0
2/13/2001,5.4
2/14/2001,0
2/15/2001,3
2/16/2001,0.8
2/17/2001,0
2/18/2001,0
2/19/2001,0
2/20/2001,0
2/21/2001,0
2/22/2001,0
2/23/2001,0
2/24/2001,0
2/25/2001,0
2/26/2001,0
2/27/2001,0
2/28/2001,0
3/1/2001,0
3/2/2001,0
3/3/2001,0
3/4/2001,0
3/5/2001,0
3/6/2001,0
3/7/2001,0
3/8/2001,0
3/9/2001,0
3/10/2001,0
3/11/2001,0.6
3/12/2001,0
3/13/2001,0
3/14/2001,0
3/15/2001,0
3/16/2001,0
3/17/2001,12.4
3/18/2001,4.4
3/19/2001,2.8
3/20/2001,0
3/21/2001,11.2
3/22/2001,5
3/23/2001,46
3/24/2001,0
3/25/2001,2.8
3/26/2001,0
3/27/2001,0.2
3/28/2001,1.2
3/29/2001,0
3/30/2001,0
3/31/2001,0
4/1/2001,0
4/2/2001,0.2
4/3/2001,0
4/4/2001,0
4/5/2001,0
4/6/2001,0
4/7/2001,0
4/8/2001,0
4/9/2001,4
4/10/2001,2.8
4/11/2001,0.2
4/12/2001,2.2
4/13/2001,0
4/14/2001,0
4/15/2001,0
4/16/2001,0
4/17/2001,0
4/18/2001,0
4/19/2001,1
4/20/2001,0
4/21/2001,0
4/22/2001,29.2
4/23/2001,30
4/24/2001,39.2
4/25/2001,10.8
4/26/2001,0
4/27/2001,0
4/28/2001,5.8
4/29/2001,0.2
4/30/2001,0
5/1/2001,0
5/2/2001,0
5/3/2001,0
5/4/2001,0
5/5/2001,0
5/6/2001,0
5/7/2001,0
5/8/2001,0
5/9/2001,0
5/10/2001,0.2
5/11/2001,0
5/12/2001,0
5/13/2001,0
5/14/2001,0
5/15/2001,0
5/16/2001,0
5/17/2001,0.6
5/18/2001,1.4
5/19/2001,0
5/20/2001,0
5/21/2001,0.8
5/22/2001,2.8
5/23/2001,0
5/24/2001,0.6
5/25/2001,0
5/26/2001,1.2
5/27/2001,0
5/28/2001,1.6
5/29/2001,1.2
5/30/2001,3.6
5/31/2001,0.6
6/1/2001,0
6/2/2001,0
6/3/2001,0
6/4/2001,0.2
6/5/2001,0
6/6/2001,2.6
6/7/2001,0.2
6/8/2001,0
6/9/2001,7.6
6/10/2001,1.4
6/11/2001,0
6/12/2001,0
6/13/2001,3
6/14/2001,2.8
6/15/2001,11.6
6/16/2001,6.8
6/17/2001,0.8
6/18/2001,0.6
6/19/2001,0
6/20/2001,0
6/21/2001,17.2
6/22/2001,1.6
6/23/2001,0
6/24/2001,0
6/25/2001,0
6/26/2001,3.4
6/27/2001,0
6/28/2001,0
6/29/2001,0
6/30/2001,0
7/1/2001,0
7/2/2001,0
7/3/2001,0
7/4/2001,0
7/5/2001,0
7/6/2001,0.8
7/7/2001,0.2
7/8/2001,1.8
7/9/2001,0.2
7/10/2001,0
7/11/2001,0
7/12/2001,3.8
7/13/2001,0.8
7/14/2001,0.4
7/15/2001,0.2
7/16/2001,0.4
7/17/2001,0.2
7/18/2001,0.2
7/19/2001,1.6
7/20/2001,0.6
7/21/2001,0
7/22/2001,0
7/23/2001,0
7/24/2001,0
7/25/2001,0
7/26/2001,0.2
7/27/2001,0
7/28/2001,0.8
7/29/2001,0.2
7/30/2001,0
7/31/2001,0
8/1/2001,6.6
8/2/2001,1.4
8/3/2001,0
8/4/2001,0
8/5/2001,1.6
8/6/2001,0.6
8/7/2001,0.2
8/8/2001,0.6
8/9/2001,0.2
8/10/2001,0
8/11/2001,0
8/12/2001,0
8/13/2001,0
8/14/2001,0
8/15/2001,0
8/16/2001,0
8/17/2001,4.4
8/18/2001,4.8
8/19/2001,0
8/20/2001,7.4
8/21/2001,0.6
8/22/2001,10.8
8/23/2001,3.2
8/24/2001,0.2
8/25/2001,0
8/26/2001,1.2
8/27/2001,1.8
8/28/2001,3.4
8/29/2001,0
8/30/2001,0
8/31/2001,0
9/1/2001,0.2
9/2/2001,3.4
9/3/2001,0
9/4/2001,4.4
9/5/2001,2.6
9/6/2001,0
9/7/2001,0
9/8/2001,0.4
9/9/2001,5.8
9/10/2001,0
9/11/2001,0
9/12/2001,0
9/13/2001,0
9/14/2001,0
9/15/2001,0
9/16/2001,0
9/17/2001,0
9/18/2001,0
9/19/2001,0
9/20/2001,0
9/21/2001,0
9/22/2001,0
9/23/2001,2.2
9/24/2001,0
9/25/2001,15.8
9/26/2001,4.6
9/27/2001,0
9/28/2001,0
9/29/2001,0
9/30/2001,0
10/1/2001,9.8
10/2/2001,0
10/3/2001,1.2
10/4/2001,8.6
10/5/2001,0.2
10/6/2001,3.8
10/7/2001,3
10/8/2001,0.2
10/9/2001,0
10/10/2001,0
10/11/2001,0
10/12/2001,4.2
10/13/2001,0.6
10/14/2001,9.6
10/15/2001,0
10/16/2001,3.6
10/17/2001,0
10/18/2001,4.2
10/19/2001,0.2
10/20/2001,0.8
10/21/2001,0
10/22/2001,0
10/23/2001,0
10/24/2001,3.4
10/25/2001,0
10/26/2001,1.4
10/27/2001,8.2
10/28/2001,1.2
10/29/2001,0
10/30/2001,1.2
10/31/2001,4.8
11/1/2001,0.2
11/2/2001,0
11/3/2001,0
11/4/2001,0
11/5/2001,0
11/6/2001,7
11/7/2001,3.2
11/8/2001,1.4
11/9/2001,0.2
11/10/2001,0
11/11/2001,4.4
11/12/2001,22
11/13/2001,14.4
11/14/2001,0
11/15/2001,0
11/16/2001,0
11/17/2001,0
11/18/2001,7.2
11/19/2001,5
11/20/2001,0
11/21/2001,0
11/22/2001,0
11/23/2001,0
11/24/2001,4.8
11/25/2001,1.8
11/26/2001,0.4
11/27/2001,2.2
11/28/2001,0
11/29/2001,0
11/30/2001,0.6
12/1/2001,0.6
12/2/2001,0
12/3/2001,7.6
12/4/2001,0.2
12/5/2001,0
12/6/2001,0
12/7/2001,13.4
12/8/2001,1.2
12/9/2001,0
12/10/2001,0
12/11/2001,0.6
12/12/2001,3.4
12/13/2001,2
12/14/2001,0
12/15/2001,0
12/16/2001,0
12/17/2001,0
12/18/2001,0
12/19/2001,0
12/20/2001,0
12/21/2001,0
12/22/2001,0
12/23/2001,0
12/24/2001,1.2
12/25/2001,0
12/26/2001,1.2
12/27/2001,15.4
12/28/2001,2.6
12/29/2001,0
12/30/2001,0
12/31/2001,0
1/1/2002,1.8
1/2/2002,8.8
1/3/2002,0.4
1/4/2002,0
1/5/2002,0
1/6/2002,0
1/7/2002,1.4
1/8/2002,0
1/9/2002,0
1/10/2002,0
1/11/2002,0
1/12/2002,0
1/13/2002,0.4
1/14/2002,0.4
1/15/2002,0
1/16/2002,0
1/17/2002,0
1/18/2002,0
1/19/2002,0
1/20/2002,0
1/21/2002,0.2
1/22/2002,13
1/23/2002,3.4
1/24/2002,0
1/25/2002,0
1/26/2002,2
1/27/2002,1
1/28/2002,2.4
1/29/2002,2.2
1/30/2002,0.8
1/31/2002,0
2/1/2002,0
2/2/2002,19.6
2/3/2002,0.6
2/4/2002,0
2/5/2002,0
2/6/2002,0
2/7/2002,0
2/8/2002,18.6
2/9/2002,1
2/10/2002,2.6
2/11/2002,1.2
2/12/2002,0
2/13/2002,0
2/14/2002,0
2/15/2002,0
2/16/2002,5.8
2/17/2002,0
2/18/2002,0
2/19/2002,0
2/20/2002,0
2/21/2002,11.4
2/22/2002,0
2/23/2002,0
2/24/2002,0
2/25/2002,0
2/26/2002,7.2
2/27/2002,0
2/28/2002,0
3/1/2002,0
3/2/2002,0
3/3/2002,2.6
3/4/2002,0.4
3/5/2002,0
3/6/2002,0
3/7/2002,0.4
3/8/2002,0
3/9/2002,0
3/10/2002,0
3/11/2002,0
3/12/2002,0.8
3/13/2002,0
3/14/2002,0
3/15/2002,0
3/16/2002,0
3/17/2002,0
3/18/2002,0
3/19/2002,0
3/20/2002,0
3/21/2002,3.4
3/22/2002,0.4
3/23/2002,0
3/24/2002,0
3/25/2002,1
3/26/2002,2.2
3/27/2002,7.8
3/28/2002,1.2
3/29/2002,0.4
3/30/2002,0.4
3/31/2002,0
4/1/2002,0
4/2/2002,0
4/3/2002,0
4/4/2002,4.2
4/5/2002,0
4/6/2002,0
4/7/2002,0
4/8/2002,0
4/9/2002,0
4/10/2002,2.2
4/11/2002,0
4/12/2002,0
4/13/2002,15.6
4/14/2002,0.8
4/15/2002,0
4/16/2002,1.4
4/17/2002,0
4/18/2002,0
4/19/2002,0
4/20/2002,1.2
4/21/2002,0.2
4/22/2002,0
4/23/2002,0
4/24/2002,0.4
4/25/2002,6.8
4/26/2002,6.4
4/27/2002,0.2
4/28/2002,0
4/29/2002,0
4/30/2002,0
5/1/2002,0
5/2/2002,0
5/3/2002,0
5/4/2002,0
5/5/2002,0
5/6/2002,0.2
5/7/2002,0
5/8/2002,0
5/9/2002,0
5/10/2002,3.2
5/11/2002,0
5/12/2002,0
5/13/2002,0.8
5/14/2002,0
5/15/2002,0
5/16/2002,2.8
5/17/2002,2
5/18/2002,0
5/19/2002,2
5/20/2002,9.6
5/21/2002,10.6
5/22/2002,5.4
5/23/2002,0.2
5/24/2002,0
5/25/2002,0
5/26/2002,0
5/27/2002,0
5/28/2002,0
5/29/2002,0
5/30/2002,0
5/31/2002,0
6/1/2002,4.4
6/2/2002,0
6/3/2002,0
6/4/2002,0
6/5/2002,0
6/6/2002,0
6/7/2002,0
6/8/2002,0
6/9/2002,0
6/10/2002,0
6/11/2002,0
6/12/2002,0
6/13/2002,3.6
6/14/2002,0.6
6/15/2002,1.8
6/16/2002,0.8
6/17/2002,0
6/18/2002,0
6/19/2002,0
6/20/2002,0
6/21/2002,0.2
6/22/2002,0
6/23/2002,0
6/24/2002,0
6/25/2002,0
6/26/2002,0.6
6/27/2002,0
6/28/2002,7.4
6/29/2002,6.8
6/30/2002,1
7/1/2002,0
7/2/2002,0
7/3/2002,2.2
7/4/2002,4.6
7/5/2002,1.8
7/6/2002,0
7/7/2002,0.2
7/8/2002,0
7/9/2002,0
7/10/2002,0.4
7/11/2002,0
7/12/2002,0
7/13/2002,0
7/14/2002,0.8
7/15/2002,0
7/16/2002,0
7/17/2002,2
7/18/2002,0.2
7/19/2002,0
7/20/2002,0.2
7/21/2002,1.4
7/22/2002,0
7/23/2002,0.8
7/24/2002,4.6
7/25/2002,0
7/26/2002,0
7/27/2002,0
7/28/2002,0
7/29/2002,0.4
7/30/2002,0
7/31/2002,0
8/1/2002,0
8/2/2002,4.6
8/3/2002,3.2
8/4/2002,1.8
8/5/2002,0
8/6/2002,0.4
8/7/2002,0.8
8/8/2002,0.2
8/9/2002,0
8/10/2002,0
8/11/2002,0
8/12/2002,2
8/13/2002,3.6
8/14/2002,15.8
8/15/2002,0
8/16/2002,0
8/17/2002,0
8/18/2002,0
8/19/2002,0
8/20/2002,0
8/21/2002,0
8/22/2002,0
8/23/2002,0.2
8/24/2002,0
8/25/2002,0
8/26/2002,0
8/27/2002,0
8/28/2002,0
8/29/2002,2.4
8/30/2002,0
8/31/2002,0.6
9/1/2002,0
9/2/2002,0
9/3/2002,0
9/4/2002,2.4
9/5/2002,0
9/6/2002,0
9/7/2002,0.6
9/8/2002,3.4
9/9/2002,2.8
9/10/2002,0
9/11/2002,2.4
9/12/2002,0
9/13/2002,0
9/14/2002,0
9/15/2002,0
9/16/2002,0.4
9/17/2002,14.2
9/18/2002,0
9/19/2002,2.2
9/20/2002,1.4
9/21/2002,0
9/22/2002,0
9/23/2002,0
9/24/2002,0
9/25/2002,0
9/26/2002,0
9/27/2002,0
9/28/2002,0.4
9/29/2002,9
9/30/2002,0
10/1/2002,0
10/2/2002,0
10/3/2002,0
10/4/2002,2.2
10/5/2002,4.6
10/6/2002,0
10/7/2002,0
10/8/2002,3
10/9/2002,1.2
10/10/2002,0
10/11/2002,0
10/12/2002,0
10/13/2002,2.8
10/14/2002,1.2
10/15/2002,0.6
10/16/2002,0.2
10/17/2002,0
10/18/2002,0
10/19/2002,0
10/20/2002,0
10/21/2002,0
10/22/2002,0
10/23/2002,6.4
10/24/2002,7.4
10/25/2002,2.6
10/26/2002,0
10/27/2002,0.8
10/28/2002,1.2
10/29/2002,0
10/30/2002,0
10/31/2002,0
11/1/2002,0
11/2/2002,0
11/3/2002,1.2
11/4/2002,1
11/5/2002,1.4
11/6/2002,0
11/7/2002,0
11/8/2002,0
11/9/2002,0
11/10/2002,0
11/11/2002,0
11/12/2002,0
11/13/2002,0
11/14/2002,0
11/15/2002,0
11/16/2002,0
11/17/2002,0
11/18/2002,0
11/19/2002,0
11/20/2002,0.6
11/21/2002,0
11/22/2002,0
11/23/2002,0
11/24/2002,0
11/25/2002,0.2
11/26/2002,7.2
11/27/2002,12
11/28/2002,0
11/29/2002,0
11/30/2002,1.8
12/1/2002,0
12/2/2002,0
12/3/2002,0
12/4/2002,0
12/5/2002,4.6
12/6/2002,4.6
12/7/2002,0.6
12/8/2002,0
12/9/2002,0.6
12/10/2002,0
12/11/2002,0
12/12/2002,0
12/13/2002,0
12/14/2002,0
12/15/2002,0
12/16/2002,0
12/17/2002,0
12/18/2002,0
12/19/2002,0
12/20/2002,0
12/21/2002,0
12/22/2002,0
12/23/2002,0
12/24/2002,0
12/25/2002,0.4
12/26/2002,0
12/27/2002,0
12/28/2002,0
12/29/2002,0
12/30/2002,1
12/31/2002,0.2
1/1/2003,5.4
1/2/2003,0.6
1/3/2003,0
1/4/2003,0
1/5/2003,0
1/6/2003,0
1/7/2003,0
1/8/2003,0.2
1/9/2003,0
1/10/2003,0
1/11/2003,0
1/12/2003,0
1/13/2003,0
1/14/2003,0
1/15/2003,0
1/16/2003,0
1/17/2003,0
1/18/2003,0
1/19/2003,0
1/20/2003,0
1/21/2003,0
1/22/2003,0
1/23/2003,0
1/24/2003,0
1/25/2003,0
1/26/2003,0
1/27/2003,0.8
1/28/2003,0
1/29/2003,0
1/30/2003,0
1/31/2003,3.6
2/1/2003,0
2/2/2003,0
2/3/2003,0
2/4/2003,0
2/5/2003,0
2/6/2003,1.8
2/7/2003,0.6
2/8/2003,0
2/9/2003,0
2/10/2003,0
2/11/2003,0
2/12/2003,0
2/13/2003,0
2/14/2003,0
2/15/2003,0
2/16/2003,1.4
2/17/2003,0
2/18/2003,0
2/19/2003,0
2/20/2003,0
2/21/2003,8.2
2/22/2003,7.8
2/23/2003,0
2/24/2003,0
2/25/2003,0
2/26/2003,0
2/27/2003,0
2/28/2003,0.2
3/1/2003,1.2
3/2/2003,5.2
3/3/2003,0.2
3/4/2003,0
3/5/2003,4
3/6/2003,0
3/7/2003,0
3/8/2003,1
3/9/2003,0.2
3/10/2003,1.8
3/11/2003,0
3/12/2003,0
3/13/2003,0
3/14/2003,0
3/15/2003,0
3/16/2003,0
3/17/2003,0
3/18/2003,0
3/19/2003,0
3/20/2003,3.6
3/21/2003,1.2
3/22/2003,3.6
3/23/2003,0.6
3/24/2003,0
3/25/2003,0
3/26/2003,0
3/27/2003,0
3/28/2003,0
3/29/2003,0
3/30/2003,0
3/31/2003,0
4/1/2003,0
4/2/2003,1.6
4/3/2003,0.6
4/4/2003,0
4/5/2003,0
4/6/2003,0
4/7/2003,0
4/8/2003,4.6
4/9/2003,1
4/10/2003,0
4/11/2003,13.8
4/12/2003,14.8
4/13/2003,0
4/14/2003,17.8
4/15/2003,0
4/16/2003,9.6
4/17/2003,0
4/18/2003,0
4/19/2003,0
4/20/2003,0
4/21/2003,0
4/22/2003,0
4/23/2003,0
4/24/2003,0.4
4/25/2003,0.4
4/26/2003,0
4/27/2003,0
4/28/2003,8.6
4/29/2003,0
4/30/2003,0
5/1/2003,0.6
5/2/2003,0
5/3/2003,0
5/4/2003,0.6
5/5/2003,0
5/6/2003,0
5/7/2003,0
5/8/2003,0
5/9/2003,1.4
5/10/2003,0.8
5/11/2003,0
5/12/2003,0
5/13/2003,0
5/14/2003,0
5/15/2003,2.8
5/16/2003,1.4
5/17/2003,0
5/18/2003,3.6
5/19/2003,2.8
5/20/2003,3.2
5/21/2003,6.4
5/22/2003,0
5/23/2003,0
5/24/2003,0
5/25/2003,0
5/26/2003,0
5/27/2003,0
5/28/2003,0
5/29/2003,0
5/30/2003,0
5/31/2003,0
6/1/2003,1.6
6/2/2003,0.6
6/3/2003,0
6/4/2003,0
6/5/2003,0
6/6/2003,0
6/7/2003,4.6
6/8/2003,0
6/9/2003,0.2
6/10/2003,0
6/11/2003,0
6/12/2003,0
6/13/2003,0
6/14/2003,2.4
6/15/2003,0.2
6/16/2003,1.6
6/17/2003,0.8
6/18/2003,0
6/19/2003,2.2
6/20/2003,1.4
6/21/2003,0
6/22/2003,1
6/23/2003,0.4
6/24/2003,1.4
6/25/2003,0
6/26/2003,0
6/27/2003,0
6/28/2003,4
6/29/2003,6.6
6/30/2003,6.2
7/1/2003,0.8
7/2/2003,0
7/3/2003,0
7/4/2003,0
7/5/2003,0
7/6/2003,0
7/7/2003,0
7/8/2003,0.8
7/9/2003,0
7/10/2003,0
7/11/2003,0
7/12/2003,0
7/13/2003,0
7/14/2003,0.2
7/15/2003,0
7/16/2003,8.8
7/17/2003,0
7/18/2003,0
7/19/2003,0
7/20/2003,0
7/21/2003,0
7/22/2003,1.2
7/23/2003,0.6
7/24/2003,24.8
7/25/2003,3.8
7/26/2003,3.6
7/27/2003,0.6
7/28/2003,0
7/29/2003,10.6
7/30/2003,7.8
7/31/2003,4.4
8/1/2003,0
8/2/2003,0
8/3/2003,0
8/4/2003,0
8/5/2003,0
8/6/2003,0.2
8/7/2003,0.2
8/8/2003,0
8/9/2003,5.8
8/10/2003,0
8/11/2003,0
8/12/2003,0
8/13/2003,8.2
8/14/2003,3.4
8/15/2003,0
8/16/2003,0
8/17/2003,0
8/18/2003,9
8/19/2003,0.6
8/20/2003,0
8/21/2003,0
8/22/2003,0
8/23/2003,0
8/24/2003,10.8
8/25/2003,7.6
8/26/2003,0.2
8/27/2003,0.8
8/28/2003,0
8/29/2003,0
8/30/2003,2.6
8/31/2003,0
9/1/2003,4
9/2/2003,0.2
9/3/2003,0
9/4/2003,0
9/5/2003,0
9/6/2003,0
9/7/2003,0
9/8/2003,0
9/9/2003,0
9/10/2003,0.2
9/11/2003,0.8
9/12/2003,0
9/13/2003,0
9/14/2003,3
9/15/2003,0.4
9/16/2003,2.8
9/17/2003,0.8
9/18/2003,1.6
9/19/2003,0
9/20/2003,0.4
9/21/2003,0
9/22/2003,0
9/23/2003,0.6
9/24/2003,3.4
9/25/2003,0
9/26/2003,0.2
9/27/2003,5.6
9/28/2003,3.4
9/29/2003,0.6
9/30/2003,1.2
10/1/2003,0
10/2/2003,8.6
10/3/2003,2.4
10/4/2003,0
10/5/2003,0
10/6/2003,0
10/7/2003,0
10/8/2003,0.2
10/9/2003,0.6
10/10/2003,0.8
10/11/2003,2.2
10/12/2003,0.4
10/13/2003,0
10/14/2003,0
10/15/2003,0
10/16/2003,7.4
10/17/2003,0
10/18/2003,0
10/19/2003,1.8
10/20/2003,10.6
10/21/2003,0
10/22/2003,17.2
10/23/2003,0.6
10/24/2003,5
10/25/2003,0
10/26/2003,3
10/27/2003,0
10/28/2003,0
10/29/2003,7.2
10/30/2003,0.4
10/31/2003,2.4
11/1/2003,1.6
11/2/2003,5.2
11/3/2003,2
11/4/2003,0
11/5/2003,0
11/6/2003,0
11/7/2003,0
11/8/2003,0
11/9/2003,0
11/10/2003,0
11/11/2003,0
11/12/2003,0
11/13/2003,0
11/14/2003,0
11/15/2003,0
11/16/2003,0
11/17/2003,0
11/18/2003,0
11/19/2003,0
11/20/2003,1.2
11/21/2003,4.4
11/22/2003,0.2
11/23/2003,4.4
11/24/2003,0
11/25/2003,0.2
11/26/2003,0
11/27/2003,0
11/28/2003,0
11/29/2003,0
11/30/2003,0
12/1/2003,1.6
12/2/2003,0
12/3/2003,37.8
12/4/2003,0
12/5/2003,1.4
12/6/2003,0
12/7/2003,0
12/8/2003,0
12/9/2003,0
12/10/2003,0
12/11/2003,0.2
12/12/2003,0
12/13/2003,1.8
12/14/2003,0
12/15/2003,0
12/16/2003,0
12/17/2003,0
12/18/2003,0
12/19/2003,14.2
12/20/2003,0
12/21/2003,2.4
12/22/2003,6.4
12/23/2003,5.4
12/24/2003,0
12/25/2003,0
12/26/2003,0
12/27/2003,0
12/28/2003,0
12/29/2003,0
12/30/2003,0
12/31/2003,0
1/1/2004,0
1/2/2004,0
1/3/2004,0
1/4/2004,0
1/5/2004,8.4
1/6/2004,0
1/7/2004,0
1/8/2004,3.2
1/9/2004,0.2
1/10/2004,0
1/11/2004,0
1/12/2004,0
1/13/2004,0
1/14/2004,0
1/15/2004,0
1/16/2004,0
1/17/2004,1.2
1/18/2004,0
1/19/2004,0
1/20/2004,0
1/21/2004,0
1/22/2004,0
1/23/2004,0
1/24/2004,0
1/25/2004,0
1/26/2004,0
1/27/2004,0
1/28/2004,0
1/29/2004,2.6
1/30/2004,45.4
1/31/2004,2.2
2/1/2004,0.2
2/2/2004,1.2
2/3/2004,0
2/4/2004,0
2/5/2004,0
2/6/2004,0
2/7/2004,0
2/8/2004,0
2/9/2004,0
2/10/2004,0
2/11/2004,4.2
2/12/2004,3
2/13/2004,0
2/14/2004,0
2/15/2004,4
2/16/2004,0
2/17/2004,0
2/18/2004,0
2/19/2004,0
2/20/2004,0
2/21/2004,0
2/22/2004,0.4
2/23/2004,0
2/24/2004,0
2/25/2004,0
2/26/2004,0
2/27/2004,0
2/28/2004,0
2/29/2004,0
3/1/2004,0
3/2/2004,0
3/3/2004,0
3/4/2004,0
3/5/2004,0
3/6/2004,0
3/7/2004,0.4
3/8/2004,0.8
3/9/2004,4.6
3/10/2004,0.2
3/11/2004,0
3/12/2004,0
3/13/2004,0
3/14/2004,0
3/15/2004,0
3/16/2004,0
3/17/2004,0
3/18/2004,0
3/19/2004,0
3/20/2004,0
3/21/2004,0
3/22/2004,0
3/23/2004,0
3/24/2004,0
3/25/2004,0
3/26/2004,0
3/27/2004,0
3/28/2004,0
3/29/2004,6.8
3/30/2004,1.6
3/31/2004,0.4
4/1/2004,0
4/2/2004,0.2
4/3/2004,0
4/4/2004,0
4/5/2004,0
4/6/2004,0
4/7/2004,0
4/8/2004,0
4/9/2004,0
4/10/2004,0
4/11/2004,0.4
4/12/2004,0
4/13/2004,0
4/14/2004,0
4/15/2004,0
4/16/2004,0
4/17/2004,0
4/18/2004,3.6
4/19/2004,0
4/20/2004,0
4/21/2004,0
4/22/2004,0
4/23/2004,21.8
4/24/2004,22.8
4/25/2004,0
4/26/2004,0
4/27/2004,3
4/28/2004,0
4/29/2004,0
4/30/2004,0
5/1/2004,4
5/2/2004,3.8
5/3/2004,0.2
5/4/2004,0
5/5/2004,2.2
5/6/2004,0
5/7/2004,0
5/8/2004,0.2
5/9/2004,0
5/10/2004,0
5/11/2004,0
5/12/2004,0
5/13/2004,0
5/14/2004,0
5/15/2004,0
5/16/2004,0
5/17/2004,0
5/18/2004,2.6
5/19/2004,2.4
5/20/2004,0
5/21/2004,1.4
5/22/2004,0
5/23/2004,0
5/24/2004,0
5/25/2004,0
5/26/2004,1.2
5/27/2004,8.8
5/28/2004,1.8
5/29/2004,0.6
5/30/2004,0
5/31/2004,0
6/1/2004,0
6/2/2004,0.8
6/3/2004,0
6/4/2004,2.4
6/5/2004,0
6/6/2004,0
6/7/2004,0
6/8/2004,0
6/9/2004,0.2
6/10/2004,8
6/11/2004,0
6/12/2004,0
6/13/2004,0
6/14/2004,0
6/15/2004,6.4
6/16/2004,0.2
6/17/2004,0
6/18/2004,12.2
6/19/2004,1.8
6/20/2004,2.2
6/21/2004,0.8
6/22/2004,0
6/23/2004,0
6/24/2004,0
6/25/2004,1.2
6/26/2004,2
6/27/2004,0
6/28/2004,0
6/29/2004,0
6/30/2004,0
7/1/2004,4.2
7/2/2004,0
7/3/2004,0
7/4/2004,0
7/5/2004,0
7/6/2004,1.2
7/7/2004,2
7/8/2004,2.6
7/9/2004,0
7/10/2004,0
7/11/2004,0
7/12/2004,2
7/13/2004,1
7/14/2004,0
7/15/2004,0.2
7/16/2004,0
7/17/2004,4.4
7/18/2004,0.8
7/19/2004,0
7/20/2004,0
7/21/2004,0
7/22/2004,0
7/23/2004,0
7/24/2004,4
7/25/2004,0.4
7/26/2004,0
7/27/2004,0.4
7/28/2004,0
7/29/2004,4.4
7/30/2004,0
7/31/2004,0
8/1/2004,0
8/2/2004,1.6
8/3/2004,4.4
8/4/2004,5.8
8/5/2004,2
8/6/2004,4.8
8/7/2004,1.2
8/8/2004,3.6
8/9/2004,0.8
8/10/2004,0.4
8/11/2004,0.6
8/12/2004,0
8/13/2004,0
8/14/2004,12.4
8/15/2004,11.8
8/16/2004,0
8/17/2004,0
8/18/2004,0
8/19/2004,0
8/20/2004,0
8/21/2004,0
8/22/2004,0
8/23/2004,3.4
8/24/2004,0
8/25/2004,0
8/26/2004,0
8/27/2004,1
8/28/2004,0
8/29/2004,0
8/30/2004,12.2
8/31/2004,6.2
9/1/2004,0.8
9/2/2004,0
9/3/2004,0
9/4/2004,8.4
9/5/2004,0
9/6/2004,0
9/7/2004,0
9/8/2004,16
9/9/2004,4.8
9/10/2004,0
9/11/2004,13
9/12/2004,5
9/13/2004,0.2
9/14/2004,2.4
9/15/2004,0.4
9/16/2004,2
9/17/2004,0
9/18/2004,0
9/19/2004,0
9/20/2004,0
9/21/2004,0
9/22/2004,0
9/23/2004,3.6
9/24/2004,0
9/25/2004,0
9/26/2004,0
9/27/2004,0
9/28/2004,0
9/29/2004,8.2
9/30/2004,0.2
10/1/2004,0
10/2/2004,0
10/3/2004,0
10/4/2004,0.6
10/5/2004,0.4
10/6/2004,0.2
10/7/2004,0
10/8/2004,3.8
10/9/2004,0
10/10/2004,0
10/11/2004,0
10/12/2004,0
10/13/2004,0
10/14/2004,10.8
10/15/2004,0.2
10/16/2004,1.6
10/17/2004,0
10/18/2004,0
10/19/2004,0
10/20/2004,0
10/21/2004,0
10/22/2004,0
10/23/2004,0
10/24/2004,0
10/25/2004,0
10/26/2004,0
10/27/2004,26
10/28/2004,21.2
10/29/2004,0
10/30/2004,0
10/31/2004,0
11/1/2004,0
11/2/2004,0
11/3/2004,19.6
11/4/2004,0
11/5/2004,25
11/6/2004,9.2
11/7/2004,10.4
11/8/2004,16.8
11/9/2004,0
11/10/2004,0
11/11/2004,0
11/12/2004,10.6
11/13/2004,21.8
11/14/2004,9.4
11/15/2004,0
11/16/2004,0
11/17/2004,0
11/18/2004,0
11/19/2004,0.4
11/20/2004,0
11/21/2004,0
11/22/2004,0.2
11/23/2004,0
11/24/2004,0
11/25/2004,0
11/26/2004,0
11/27/2004,0
11/28/2004,0
11/29/2004,0
11/30/2004,0
12/1/2004,3.8
12/2/2004,2.2
12/3/2004,0
12/4/2004,0
12/5/2004,0
12/6/2004,0
12/7/2004,15.4
12/8/2004,0
12/9/2004,4.6
12/10/2004,2.8
12/11/2004,3.8
12/12/2004,0.2
12/13/2004,2.6
12/14/2004,1.2
12/15/2004,1.8
12/16/2004,0
12/17/2004,0
12/18/2004,0
12/19/2004,0
12/20/2004,0
12/21/2004,0
12/22/2004,0
12/23/2004,0
12/24/2004,0
12/25/2004,0
12/26/2004,0
12/27/2004,1.8
12/28/2004,12.8
12/29/2004,6
12/30/2004,0
12/31/2004,0
1/1/2005,0
1/2/2005,0
1/3/2005,0
1/4/2005,7.8
1/5/2005,0.6
1/6/2005,1.4
1/7/2005,0
1/8/2005,2.6
1/9/2005,0.2
1/10/2005,0
1/11/2005,0
1/12/2005,0
1/13/2005,0
1/14/2005,0
1/15/2005,0.2
1/16/2005,4
1/17/2005,0
1/18/2005,0
1/19/2005,0
1/20/2005,0
1/21/2005,0
1/22/2005,0
1/23/2005,0
1/24/2005,0
1/25/2005,0
1/26/2005,0
1/27/2005,1.2
1/28/2005,0
1/29/2005,1
1/30/2005,4.8
1/31/2005,0
2/1/2005,0
2/2/2005,25
2/3/2005,113.4
2/4/2005,0.2
2/5/2005,0
2/6/2005,0
2/7/2005,0
2/8/2005,6.4
2/9/2005,18.2
2/10/2005,0
2/11/2005,0
2/12/2005,1.4
2/13/2005,0
2/14/2005,0
2/15/2005,2.4
2/16/2005,0.4
2/17/2005,0
2/18/2005,0
2/19/2005,0
2/20/2005,0
2/21/2005,0
2/22/2005,0
2/23/2005,0
2/24/2005,0
2/25/2005,0
2/26/2005,0
2/27/2005,0
2/28/2005,0
3/1/2005,0
3/2/2005,0
3/3/2005,0
3/4/2005,0
3/5/2005,2
3/6/2005,3.2
3/7/2005,0.2
3/8/2005,1.2
3/9/2005,0
3/10/2005,0.8
3/11/2005,0
3/12/2005,0
3/13/2005,0
3/14/2005,0
3/15/2005,0
3/16/2005,0.6
3/17/2005,0
3/18/2005,0
3/19/2005,0
3/20/2005,0
3/21/2005,0
3/22/2005,0
3/23/2005,0
3/24/2005,0
3/25/2005,0.2
3/26/2005,0
3/27/2005,0
3/28/2005,0.4
3/29/2005,0
3/30/2005,0
3/31/2005,0
4/1/2005,0
4/2/2005,0
4/3/2005,0.2
4/4/2005,0.8
4/5/2005,0
4/6/2005,0
4/7/2005,0
4/8/2005,0
4/9/2005,0
4/10/2005,0
4/11/2005,6.2
4/12/2005,0
4/13/2005,0
4/14/2005,6.2
4/15/2005,15.8
4/16/2005,0
4/17/2005,0
4/18/2005,0
4/19/2005,0
4/20/2005,0
4/21/2005,0
4/22/2005,0
4/23/2005,0
4/24/2005,0
4/25/2005,0
4/26/2005,0
4/27/2005,0
4/28/2005,0
4/29/2005,1.4
4/30/2005,0
5/1/2005,3.2
5/2/2005,0
5/3/2005,0
5/4/2005,0
5/5/2005,0
5/6/2005,0.2
5/7/2005,0
5/8/2005,0
5/9/2005,0
5/10/2005,0
5/11/2005,0
5/12/2005,0.4
5/13/2005,0
5/14/2005,0
5/15/2005,0
5/16/2005,0
5/17/2005,0
5/18/2005,0
5/19/2005,0
5/20/2005,0
5/21/2005,0
5/22/2005,0
5/23/2005,0
5/24/2005,4
5/25/2005,0.2
5/26/2005,0.8
5/27/2005,1.2
5/28/2005,0.2
5/29/2005,0.4
5/30/2005,0
5/31/2005,0
6/1/2005,0.4
6/2/2005,0
6/3/2005,0
6/4/2005,0
6/5/2005,0
6/6/2005,0
6/7/2005,0
6/8/2005,0
6/9/2005,9.8
6/10/2005,1.2
6/11/2005,13.4
6/12/2005,0.2
6/13/2005,0
6/14/2005,8
6/15/2005,0
6/16/2005,1.8
6/17/2005,0.8
6/18/2005,0
6/19/2005,0.6
6/20/2005,0.4
6/21/2005,2
6/22/2005,2.8
6/23/2005,1.2
6/24/2005,0
6/25/2005,0
6/26/2005,0
6/27/2005,0
6/28/2005,0
6/29/2005,0
6/30/2005,0
7/1/2005,2.6
7/2/2005,1.6
7/3/2005,0.2
7/4/2005,0
7/5/2005,0
7/6/2005,0
7/7/2005,0
7/8/2005,0
7/9/2005,0.6
7/10/2005,6.4
7/11/2005,0.4
7/12/2005,0
7/13/2005,0.6
7/14/2005,2.4
7/15/2005,3
7/16/2005,0
7/17/2005,1.6
7/18/2005,0
7/19/2005,0
7/20/2005,0
7/21/2005,0
7/22/2005,0
7/23/2005,0
7/24/2005,0
7/25/2005,3.4
7/26/2005,1
7/27/2005,1.4
7/28/2005,0
7/29/2005,0
7/30/2005,0
7/31/2005,0
8/1/2005,0
8/2/2005,0
8/3/2005,0
8/4/2005,13
8/5/2005,3
8/6/2005,0
8/7/2005,0
8/8/2005,3.6
8/9/2005,0
8/10/2005,4.8
8/11/2005,0
8/12/2005,3.2
8/13/2005,0.2
8/14/2005,0
8/15/2005,1
8/16/2005,1.8
8/17/2005,0
8/18/2005,0
8/19/2005,0
8/20/2005,10.4
8/21/2005,0.4
8/22/2005,6
8/23/2005,0.8
8/24/2005,0.4
8/25/2005,0
8/26/2005,0
8/27/2005,0
8/28/2005,0
8/29/2005,0
8/30/2005,0.6
8/31/2005,10.2
9/1/2005,0
9/2/2005,0
9/3/2005,0
9/4/2005,0
9/5/2005,0
9/6/2005,0
9/7/2005,0
9/8/2005,0
9/9/2005,0.2
9/10/2005,2
9/11/2005,0.8
9/12/2005,12
9/13/2005,1.4
9/14/2005,0.4
9/15/2005,0.6
9/16/2005,0.2
9/17/2005,0
9/18/2005,6
9/19/2005,1
9/20/2005,2.4
9/21/2005,0
9/22/2005,0
9/23/2005,2
9/24/2005,1
9/25/2005,0
9/26/2005,0.2
9/27/2005,0.2
9/28/2005,0
9/29/2005,10.6
9/30/2005,0
10/1/2005,0
10/2/2005,0
10/3/2005,0
10/4/2005,0
10/5/2005,0
10/6/2005,0.2
10/7/2005,0
10/8/2005,12.2
10/9/2005,0.8
10/10/2005,0
10/11/2005,3.2
10/12/2005,0.8
10/13/2005,0
10/14/2005,0
10/15/2005,0
10/16/2005,0
10/17/2005,0
10/18/2005,0
10/19/2005,0
10/20/2005,5.6
10/21/2005,5.6
10/22/2005,6
10/23/2005,1.2
10/24/2005,1.2
10/25/2005,1.4
10/26/2005,0.6
10/27/2005,0.2
10/28/2005,0
10/29/2005,0
10/30/2005,2.6
10/31/2005,0
11/1/2005,0
11/2/2005,0
11/3/2005,2.8
11/4/2005,0
11/5/2005,0
11/6/2005,0
11/7/2005,0
11/8/2005,12.6
11/9/2005,0.6
11/10/2005,1.4
11/11/2005,5.4
11/12/2005,0.8
11/13/2005,1.2
11/14/2005,0
11/15/2005,26.6
11/16/2005,0
11/17/2005,0
11/18/2005,0
11/19/2005,3
11/20/2005,0
11/21/2005,0
11/22/2005,0
11/23/2005,0
11/24/2005,0
11/25/2005,2
11/26/2005,1.2
11/27/2005,0
11/28/2005,0
11/29/2005,0
11/30/2005,0
12/1/2005,0
12/2/2005,0
12/3/2005,38.2
12/4/2005,0
12/5/2005,0
12/6/2005,0
12/7/2005,33.2
12/8/2005,0
12/9/2005,0
12/10/2005,0
12/11/2005,0
12/12/2005,0
12/13/2005,6.2
12/14/2005,0
12/15/2005,0
12/16/2005,1.2
12/17/2005,0
12/18/2005,0
12/19/2005,0.6
12/20/2005,0
12/21/2005,0
12/22/2005,0.2
12/23/2005,0
12/24/2005,2
12/25/2005,0
12/26/2005,0
12/27/2005,0
12/28/2005,0
12/29/2005,0
12/30/2005,0
12/31/2005,0
1/1/2006,0
1/2/2006,12.4
1/3/2006,0
1/4/2006,0
1/5/2006,0
1/6/2006,0
1/7/2006,0
1/8/2006,0
1/9/2006,0
1/10/2006,0
1/11/2006,11.2
1/12/2006,2.6
1/13/2006,0.4
1/14/2006,0
1/15/2006,0
1/16/2006,0
1/17/2006,0
1/18/2006,0
1/19/2006,0
1/20/2006,0
1/21/2006,4.4
1/22/2006,0
1/23/2006,0
1/24/2006,0
1/25/2006,0
1/26/2006,0
1/27/2006,0.6
1/28/2006,3.2
1/29/2006,15.8
1/30/2006,2.8
1/31/2006,0.8
2/1/2006,0
2/2/2006,5.2
2/3/2006,0
2/4/2006,0
2/5/2006,0
2/6/2006,0
2/7/2006,0
2/8/2006,0
2/9/2006,0.4
2/10/2006,19
2/11/2006,0
2/12/2006,0
2/13/2006,0.2
2/14/2006,0
2/15/2006,0
2/16/2006,0
2/17/2006,0
2/18/2006,0
2/19/2006,0.2
2/20/2006,0
2/21/2006,0
2/22/2006,0
2/23/2006,0
2/24/2006,0
2/25/2006,0.4
2/26/2006,47
2/27/2006,0
2/28/2006,0
3/1/2006,0
3/2/2006,0
3/3/2006,0
3/4/2006,0
3/5/2006,0
3/6/2006,0
3/7/2006,0
3/8/2006,0
3/9/2006,0
3/10/2006,0
3/11/2006,0
3/12/2006,0
3/13/2006,15.2
3/14/2006,0.2
3/15/2006,0
3/16/2006,0.2
3/17/2006,0.4
3/18/2006,0
3/19/2006,0
3/20/2006,0
3/21/2006,0
3/22/2006,0
3/23/2006,0
3/24/2006,0
3/25/2006,0
3/26/2006,0
3/27/2006,0
3/28/2006,0
3/29/2006,0
3/30/2006,0
3/31/2006,0
4/1/2006,8.2
4/2/2006,0.4
4/3/2006,0
4/4/2006,0
4/5/2006,0
4/6/2006,6
4/7/2006,0.6
4/8/2006,0
4/9/2006,0
4/10/2006,0
4/11/2006,0
4/12/2006,0
4/13/2006,0
4/14/2006,1.4
4/15/2006,10.8
4/16/2006,2.8
4/17/2006,0
4/18/2006,0
4/19/2006,0
4/20/2006,4.2
4/21/2006,7.2
4/22/2006,0.4
4/23/2006,0
4/24/2006,0.2
4/25/2006,0
4/26/2006,0
4/27/2006,0
4/28/2006,0
4/29/2006,1.8
4/30/2006,1
5/1/2006,12.2
5/2/2006,3.6
5/3/2006,6.4
5/4/2006,0
5/5/2006,0
5/6/2006,11.8
5/7/2006,6
5/8/2006,5.2
5/9/2006,0
5/10/2006,7
5/11/2006,0
5/12/2006,0
5/13/2006,0
5/14/2006,0
5/15/2006,2.6
5/16/2006,0
5/17/2006,0
5/18/2006,0
5/19/2006,0
5/20/2006,0
5/21/2006,0
5/22/2006,7.6
5/23/2006,1.4
5/24/2006,0
5/25/2006,0
5/26/2006,0
5/27/2006,0
5/28/2006,0
5/29/2006,2.8
5/30/2006,0.4
5/31/2006,0
6/1/2006,0
6/2/2006,0.2
6/3/2006,1.8
6/4/2006,0
6/5/2006,0
6/6/2006,0
6/7/2006,0
6/8/2006,0
6/9/2006,0
6/10/2006,0
6/11/2006,0
6/12/2006,1.6
6/13/2006,0
6/14/2006,0
6/15/2006,0
6/16/2006,1.4
6/17/2006,0
6/18/2006,0
6/19/2006,0
6/20/2006,0
6/21/2006,0
6/22/2006,0
6/23/2006,3.4
6/24/2006,0
6/25/2006,0.4
6/26/2006,0
6/27/2006,0
6/28/2006,0
6/29/2006,0
6/30/2006,0
7/1/2006,0
7/2/2006,2
7/3/2006,12.4
7/4/2006,0
7/5/2006,0
7/6/2006,2.2
7/7/2006,0
7/8/2006,2.2
7/9/2006,0.6
7/10/2006,0
7/11/2006,0
7/12/2006,2.8
7/13/2006,0.2
7/14/2006,0
7/15/2006,4.8
7/16/2006,9.2
7/17/2006,0
7/18/2006,0
7/19/2006,0
7/20/2006,0
7/21/2006,0
7/22/2006,0
7/23/2006,0.8
7/24/2006,10
7/25/2006,0
7/26/2006,0.2
7/27/2006,0
7/28/2006,0
7/29/2006,0
7/30/2006,0.6
7/31/2006,3.6
8/1/2006,5
8/2/2006,0
8/3/2006,1.4
8/4/2006,3.2
8/5/2006,0
8/6/2006,0
8/7/2006,0
8/8/2006,0
8/9/2006,0
8/10/2006,0
8/11/2006,0
8/12/2006,0
8/13/2006,0
8/14/2006,0
8/15/2006,0.6
8/16/2006,0
8/17/2006,2
8/18/2006,0
8/19/2006,0.2
8/20/2006,0
8/21/2006,0
8/22/2006,0.6
8/23/2006,0.4
8/24/2006,16.8
8/25/2006,4.2
8/26/2006,0
8/27/2006,0
8/28/2006,0
8/29/2006,0
8/30/2006,0
8/31/2006,0
9/1/2006,0
9/2/2006,0
9/3/2006,1.4
9/4/2006,4
9/5/2006,0
9/6/2006,8.6
9/7/2006,8.8
9/8/2006,1.8
9/9/2006,3.4
9/10/2006,0.2
9/11/2006,0
9/12/2006,0
9/13/2006,0
9/14/2006,0
9/15/2006,0
9/16/2006,0
9/17/2006,0
9/18/2006,0
9/19/2006,0
9/20/2006,1.4
9/21/2006,0.2
9/22/2006,0
9/23/2006,0
9/24/2006,3.2
9/25/2006,3.6
9/26/2006,0
9/27/2006,0
9/28/2006,0
9/29/2006,0
9/30/2006,0
10/1/2006,0
10/2/2006,0
10/3/2006,0
10/4/2006,0
10/5/2006,0.4
10/6/2006,0
10/7/2006,0
10/8/2006,0.6
10/9/2006,0
10/10/2006,0
10/11/2006,0
10/12/2006,0
10/13/2006,0
10/14/2006,0
10/15/2006,0
10/16/2006,0
10/17/2006,0
10/18/2006,0.6
10/19/2006,0.2
10/20/2006,0
10/21/2006,1.4
10/22/2006,0.4
10/23/2006,0
10/24/2006,0
10/25/2006,0.2
10/26/2006,0.2
10/27/2006,0
10/28/2006,5
10/29/2006,0.2
10/30/2006,0
10/31/2006,0
11/1/2006,0
11/2/2006,4.6
11/3/2006,8.4
11/4/2006,0
11/5/2006,0
11/6/2006,0
11/7/2006,0
11/8/2006,0
11/9/2006,0
11/10/2006,0
11/11/2006,0
11/12/2006,0.6
11/13/2006,1
11/14/2006,0.2
11/15/2006,0.4
11/16/2006,8.6
11/17/2006,0.2
11/18/2006,0
11/19/2006,0
11/20/2006,0
11/21/2006,0.4
11/22/2006,0
11/23/2006,0
11/24/2006,0
11/25/2006,0
11/26/2006,0
11/27/2006,0
11/28/2006,0
11/29/2006,0.4
11/30/2006,0
12/1/2006,0
12/2/2006,0
12/3/2006,0
12/4/2006,0
12/5/2006,0
12/6/2006,0
12/7/2006,0
12/8/2006,0
12/9/2006,0
12/10/2006,0
12/11/2006,0
12/12/2006,0
12/13/2006,0
12/14/2006,0
12/15/2006,3.2
12/16/2006,0
12/17/2006,0
12/18/2006,0
12/19/2006,0
12/20/2006,0
12/21/2006,0
12/22/2006,0
12/23/2006,5.2
12/24/2006,0
12/25/2006,0.6
12/26/2006,7.8
12/27/2006,1.6
12/28/2006,0
12/29/2006,0
12/30/2006,0
12/31/2006,0
1/1/2007,0.2
1/2/2007,0.2
1/3/2007,0
1/4/2007,0
1/5/2007,0
1/6/2007,0
1/7/2007,0
1/8/2007,1
1/9/2007,0
1/10/2007,0
1/11/2007,0
1/12/2007,0
1/13/2007,0
1/14/2007,0
1/15/2007,0
1/16/2007,0
1/17/2007,0
1/18/2007,0
1/19/2007,7.2
1/20/2007,1.2
1/21/2007,15.8
1/22/2007,0.2
1/23/2007,0
1/24/2007,0
1/25/2007,0
1/26/2007,0
1/27/2007,6
1/28/2007,1.2
1/29/2007,0
1/30/2007,0
1/31/2007,0.4
2/1/2007,0
2/2/2007,0
2/3/2007,0
2/4/2007,0
2/5/2007,0
2/6/2007,0
2/7/2007,0
2/8/2007,0
2/9/2007,0
2/10/2007,0
2/11/2007,1
2/12/2007,0
2/13/2007,0
2/14/2007,0.2
2/15/2007,0
2/16/2007,0
2/17/2007,0
2/18/2007,0
2/19/2007,4.2
2/20/2007,0
2/21/2007,0
2/22/2007,0
2/23/2007,0
2/24/2007,5.8
2/25/2007,0
2/26/2007,0
2/27/2007,0
2/28/2007,2
3/1/2007,0
3/2/2007,0
3/3/2007,0
3/4/2007,0.4
3/5/2007,0
3/6/2007,0
3/7/2007,0
3/8/2007,0
3/9/2007,0
3/10/2007,0
3/11/2007,0
3/12/2007,0
3/13/2007,0
3/14/2007,0
3/15/2007,0
3/16/2007,4.8
3/17/2007,0.2
3/18/2007,0
3/19/2007,0
3/20/2007,1.4
3/21/2007,1
3/22/2007,0
3/23/2007,0
3/24/2007,24.2
3/25/2007,0.8
3/26/2007,0
3/27/2007,0
3/28/2007,0
3/29/2007,8.2
3/30/2007,1
3/31/2007,0.2
4/1/2007,1.6
4/2/2007,0
4/3/2007,0
4/4/2007,0
4/5/2007,0.2
4/6/2007,1.4
4/7/2007,0
4/8/2007,0
4/9/2007,0
4/10/2007,0
4/11/2007,0
4/12/2007,0
4/13/2007,0
4/14/2007,0
4/15/2007,0
4/16/2007,0.4
4/17/2007,0
4/18/2007,0.4
4/19/2007,0
4/20/2007,0
4/21/2007,0
4/22/2007,9.6
4/23/2007,0.2
4/24/2007,0
4/25/2007,0
4/26/2007,0
4/27/2007,0
4/28/2007,5.4
4/29/2007,1.8
4/30/2007,2
5/1/2007,0.6
5/2/2007,0
5/3/2007,3.4
5/4/2007,3.6
5/5/2007,0
5/6/2007,0.6
5/7/2007,0
5/8/2007,0
5/9/2007,0
5/10/2007,0
5/11/2007,0
5/12/2007,0
5/13/2007,0
5/14/2007,0
5/15/2007,0.6
5/16/2007,5.8
5/17/2007,0
5/18/2007,12.2
5/19/2007,2
5/20/2007,0.2
5/21/2007,0
5/22/2007,1.8
5/23/2007,0
5/24/2007,0
5/25/2007,0
5/26/2007,0
5/27/2007,0
5/28/2007,0
5/29/2007,0
5/30/2007,7.6
5/31/2007,0.4
6/1/2007,6
6/2/2007,0.6
6/3/2007,0
6/4/2007,0
6/5/2007,0
6/6/2007,0.2
6/7/2007,0.2
6/8/2007,0
6/9/2007,0
6/10/2007,0
6/11/2007,3.4
6/12/2007,2.8
6/13/2007,1
6/14/2007,0.8
6/15/2007,0
6/16/2007,0.2
6/17/2007,0
6/18/2007,1
6/19/2007,0
6/20/2007,2.8
6/21/2007,6.8
6/22/2007,0
6/23/2007,0.2
6/24/2007,0
6/25/2007,0
6/26/2007,0
6/27/2007,7.4
6/28/2007,12
6/29/2007,0.6
6/30/2007,0.8
7/1/2007,3.6
7/2/2007,0
7/3/2007,0.6
7/4/2007,3
7/5/2007,2.6
7/6/2007,3.4
7/7/2007,7.6
7/8/2007,5.2
7/9/2007,0
7/10/2007,0
7/11/2007,0
7/12/2007,0.2
7/13/2007,8.8
7/14/2007,3
7/15/2007,1.6
7/16/2007,0
7/17/2007,0
7/18/2007,16.6
7/19/2007,3.2
7/20/2007,0.4
7/21/2007,0.4
7/22/2007,0
7/23/2007,0
7/24/2007,0
7/25/2007,0
7/26/2007,0.2
7/27/2007,0
7/28/2007,0.2
7/29/2007,0
7/30/2007,2
7/31/2007,0
8/1/2007,1.4
8/2/2007,0
8/3/2007,0
8/4/2007,0.2
8/5/2007,1
8/6/2007,0.2
8/7/2007,0
8/8/2007,0
8/9/2007,0
8/10/2007,0.4
8/11/2007,4.4
8/12/2007,4
8/13/2007,0.6
8/14/2007,1.2
8/15/2007,0
8/16/2007,0
8/17/2007,0
8/18/2007,1.2
8/19/2007,0.4
8/20/2007,0
8/21/2007,0
8/22/2007,0
8/23/2007,0
8/24/2007,0
8/25/2007,0
8/26/2007,0
8/27/2007,0
8/28/2007,0
8/29/2007,0
8/30/2007,0
8/31/2007,0
9/1/2007,0
9/2/2007,0
9/3/2007,0.8
9/4/2007,1.4
9/5/2007,0
9/6/2007,0
9/7/2007,0
9/8/2007,0
9/9/2007,0
9/10/2007,0.6
9/11/2007,1.8
9/12/2007,3
9/13/2007,0
9/14/2007,0
9/15/2007,0.6
9/16/2007,0
9/17/2007,1.2
9/18/2007,0
9/19/2007,0
9/20/2007,2.2
9/21/2007,0
9/22/2007,0.4
9/23/2007,0
9/24/2007,0
9/25/2007,0
9/26/2007,0
9/27/2007,0.2
9/28/2007,5.8
9/29/2007,0.6
9/30/2007,0
10/1/2007,2.6
10/2/2007,0
10/3/2007,0
10/4/2007,0
10/5/2007,0.2
10/6/2007,4
10/7/2007,0.2
10/8/2007,0
10/9/2007,0
10/10/2007,0
10/11/2007,0
10/12/2007,5.6
10/13/2007,1.4
10/14/2007,0
10/15/2007,0
10/16/2007,0
10/17/2007,0.8
10/18/2007,0
10/19/2007,0
10/20/2007,0
10/21/2007,0
10/22/2007,0
10/23/2007,1.2
10/24/2007,0
10/25/2007,0
10/26/2007,1.4
10/27/2007,0
10/28/2007,0
10/29/2007,0
10/30/2007,0
10/31/2007,0
11/1/2007,0
11/2/2007,5.8
11/3/2007,0
11/4/2007,27.4
11/5/2007,3
11/6/2007,0
11/7/2007,0
11/8/2007,0
11/9/2007,0
11/10/2007,0
11/11/2007,0
11/12/2007,0
11/13/2007,0
11/14/2007,0
11/15/2007,0
11/16/2007,0
11/17/2007,0
11/18/2007,1.4
11/19/2007,1
11/20/2007,0
11/21/2007,12.2
11/22/2007,14.6
11/23/2007,0.8
11/24/2007,0
11/25/2007,0
11/26/2007,0
11/27/2007,0
11/28/2007,0
11/29/2007,0
11/30/2007,0
12/1/2007,0
12/2/2007,0
12/3/2007,3.4
12/4/2007,5.4
12/5/2007,0
12/6/2007,0
12/7/2007,0
12/8/2007,0
12/9/2007,0
12/10/2007,0
12/11/2007,0
12/12/2007,0
12/13/2007,0
12/14/2007,0
12/15/2007,2.4
12/16/2007,9.2
12/17/2007,0
12/18/2007,0
12/19/2007,0
12/20/2007,4.2
12/21/2007,14.8
12/22/2007,24.2
12/23/2007,7.2
12/24/2007,0
12/25/2007,0.4
12/26/2007,0
12/27/2007,0
12/28/2007,0
12/29/2007,0
12/30/2007,0
12/31/2007,0
1/1/2008,0
1/2/2008,0
1/3/2008,0
1/4/2008,0
1/5/2008,0
1/6/2008,0
1/7/2008,0
1/8/2008,0
1/9/2008,0
1/10/2008,0
1/11/2008,0
1/12/2008,0
1/13/2008,0
1/14/2008,0
1/15/2008,0
1/16/2008,0
1/17/2008,0
1/18/2008,0
1/19/2008,0.6
1/20/2008,29.6
1/21/2008,0.4
1/22/2008,0
1/23/2008,0
1/24/2008,0
1/25/2008,0
1/26/2008,0
1/27/2008,0
1/28/2008,0
1/29/2008,0
1/30/2008,0
1/31/2008,2.2
2/1/2008,5.2
2/2/2008,0
2/3/2008,0
2/4/2008,0
2/5/2008,0
2/6/2008,0
2/7/2008,3.8
2/8/2008,0.6
2/9/2008,1.4
2/10/2008,1.4
2/11/2008,0
2/12/2008,0
2/13/2008,0.4
2/14/2008,0.4
2/15/2008,0
2/16/2008,0
2/17/2008,0
2/18/2008,0
2/19/2008,0
2/20/2008,0.6
2/21/2008,4.6
2/22/2008,0
2/23/2008,1.4
2/24/2008,0
2/25/2008,0
2/26/2008,0
2/27/2008,0
2/28/2008,3.6
2/29/2008,1.2
3/1/2008,0
3/2/2008,0
3/3/2008,0
3/4/2008,0
3/5/2008,0
3/6/2008,0
3/7/2008,0
3/8/2008,1.4
3/9/2008,0
3/10/2008,0
3/11/2008,0
3/12/2008,0
3/13/2008,0
3/14/2008,0
3/15/2008,0
3/16/2008,0
3/17/2008,0
3/18/2008,0
3/19/2008,0
3/20/2008,0
3/21/2008,0
3/22/2008,0
3/23/2008,0
3/24/2008,0
3/25/2008,13.6
3/26/2008,0
3/27/2008,24.8
3/28/2008,28.6
3/29/2008,0
3/30/2008,2.4
3/31/2008,0
4/1/2008,0.2
4/2/2008,0
4/3/2008,4.4
4/4/2008,0.8
4/5/2008,0
4/6/2008,0
4/7/2008,0
4/8/2008,0
4/9/2008,0
4/10/2008,0
4/11/2008,0.2
4/12/2008,0
4/13/2008,0.2
4/14/2008,0
4/15/2008,0.6
4/16/2008,0
4/17/2008,0
4/18/2008,0
4/19/2008,0
4/20/2008,0
4/21/2008,0
4/22/2008,0
4/23/2008,0
4/24/2008,0
4/25/2008,0
4/26/2008,0.4
4/27/2008,8
4/28/2008,0
4/29/2008,1.6
4/30/2008,0
5/1/2008,0
5/2/2008,6.4
5/3/2008,4.8
5/4/2008,0
5/5/2008,0
5/6/2008,0.4
5/7/2008,4
5/8/2008,0
5/9/2008,0
5/10/2008,0
5/11/2008,0
5/12/2008,0
5/13/2008,0
5/14/2008,0
5/15/2008,0
5/16/2008,0
5/17/2008,6.4
5/18/2008,17.2
5/19/2008,0
5/20/2008,0.6
5/21/2008,0.8
5/22/2008,0
5/23/2008,0
5/24/2008,0
5/25/2008,0
5/26/2008,0
5/27/2008,2.4
5/28/2008,1
5/29/2008,0
5/30/2008,0
5/31/2008,0
6/1/2008,0.2
6/2/2008,0
6/3/2008,0
6/4/2008,0
6/5/2008,0
6/6/2008,0
6/7/2008,0.4
6/8/2008,0
6/9/2008,0
6/10/2008,0
6/11/2008,0.2
6/12/2008,0
6/13/2008,5.2
6/14/2008,1.8
6/15/2008,0.2
6/16/2008,0
6/17/2008,0
6/18/2008,0
6/19/2008,0
6/20/2008,2.8
6/21/2008,1.2
6/22/2008,1.4
6/23/2008,0.8
6/24/2008,0.2
6/25/2008,0
6/26/2008,0
6/27/2008,0
6/28/2008,0
6/29/2008,0
6/30/2008,0
7/1/2008,2
7/2/2008,0.6
7/3/2008,1.4
7/4/2008,0.6
7/5/2008,0
7/6/2008,0
7/7/2008,0
7/8/2008,5
7/9/2008,1.2
7/10/2008,3
7/11/2008,0.2
7/12/2008,0
7/13/2008,0
7/14/2008,0
7/15/2008,0
7/16/2008,0
7/17/2008,0
7/18/2008,0.8
7/19/2008,1.6
7/20/2008,0.8
7/21/2008,13.8
7/22/2008,2.4
7/23/2008,0.8
7/24/2008,0
7/25/2008,0
7/26/2008,0
7/27/2008,8.2
7/28/2008,1.6
7/29/2008,0
7/30/2008,0
7/31/2008,0.4
8/1/2008,0.4
8/2/2008,0.6
8/3/2008,0
8/4/2008,0.2
8/5/2008,0.2
8/6/2008,0
8/7/2008,0
8/8/2008,0.4
8/9/2008,1.8
8/10/2008,4.8
8/11/2008,11.4
8/12/2008,0.6
8/13/2008,1.6
8/14/2008,0.2
8/15/2008,0.2
8/16/2008,2.2
8/17/2008,4.2
8/18/2008,0.4
8/19/2008,0
8/20/2008,0
8/21/2008,0
8/22/2008,14
8/23/2008,0.6
8/24/2008,0.2
8/25/2008,0
8/26/2008,0
8/27/2008,0
8/28/2008,0
8/29/2008,0.4
8/30/2008,0
8/31/2008,0.4
9/1/2008,0.8
9/2/2008,0.8
9/3/2008,0.4
9/4/2008,0
9/5/2008,0
9/6/2008,0
9/7/2008,0
9/8/2008,0.2
9/9/2008,0.2
9/10/2008,0
9/11/2008,0
9/12/2008,0
9/13/2008,0
9/14/2008,0
9/15/2008,0
9/16/2008,2
9/17/2008,0
9/18/2008,0
9/19/2008,0
9/20/2008,0.2
9/21/2008,0.4
9/22/2008,0
9/23/2008,6.4
9/24/2008,0
9/25/2008,0
9/26/2008,0
9/27/2008,0
9/28/2008,0
9/29/2008,0.6
9/30/2008,0
10/1/2008,0
10/2/2008,0
10/3/2008,0
10/4/2008,4.4
10/5/2008,0
10/6/2008,1
10/7/2008,2
10/8/2008,1.6
10/9/2008,0
10/10/2008,0
10/11/2008,0
10/12/2008,0
10/13/2008,0
10/14/2008,0
10/15/2008,0
10/16/2008,0
10/17/2008,0
10/18/2008,0
10/19/2008,0
10/20/2008,0
10/21/2008,0
10/22/2008,2.6
10/23/2008,0
10/24/2008,0
10/25/2008,0
10/26/2008,0
10/27/2008,0
10/28/2008,2.2
10/29/2008,0
10/30/2008,0
10/31/2008,0.4
11/1/2008,0.2
11/2/2008,0
11/3/2008,2.8
11/4/2008,2
11/5/2008,0
11/6/2008,0
11/7/2008,0
11/8/2008,7.6
11/9/2008,0
11/10/2008,0
11/11/2008,0
11/12/2008,0
11/13/2008,0
11/14/2008,10.2
11/15/2008,0
11/16/2008,0
11/17/2008,0
11/18/2008,0
11/19/2008,0.4
11/20/2008,4
11/21/2008,0.2
11/22/2008,5.8
11/23/2008,15.2
11/24/2008,0
11/25/2008,0
11/26/2008,0
11/27/2008,0
11/28/2008,0.4
11/29/2008,5.4
11/30/2008,0
12/1/2008,1.4
12/2/2008,0
12/3/2008,0
12/4/2008,0
12/5/2008,0.6
12/6/2008,0
12/7/2008,0.4
12/8/2008,0
12/9/2008,0
12/10/2008,4.8
12/11/2008,0
12/12/2008,0
12/13/2008,36.2
12/14/2008,21.8
12/15/2008,0.8
12/16/2008,0
12/17/2008,3.4
12/18/2008,1.4
12/19/2008,4
12/20/2008,0.2
12/21/2008,0
12/22/2008,0
12/23/2008,0
12/24/2008,0
12/25/2008,0
12/26/2008,0
12/27/2008,0
12/28/2008,0
12/29/2008,0
12/30/2008,1.8
12/31/2008,0
1/1/2009,0
1/2/2009,0.2
1/3/2009,0.6
1/4/2009,0
1/5/2009,0
1/6/2009,0
1/7/2009,0
1/8/2009,0
1/9/2009,0
1/10/2009,0
1/11/2009,0
1/12/2009,0
1/13/2009,0
1/14/2009,0
1/15/2009,0
1/16/2009,0
1/17/2009,0
1/18/2009,0
1/19/2009,0
1/20/2009,0
1/21/2009,0
1/22/2009,0
1/23/2009,0
1/24/2009,0
1/25/2009,0
1/26/2009,0
1/27/2009,0
1/28/2009,0
1/29/2009,0
1/30/2009,0
1/31/2009,0
2/1/2009,0
2/2/2009,0
2/3/2009,0
2/4/2009,0
2/5/2009,0
2/6/2009,0
2/7/2009,0
2/8/2009,0.8
2/9/2009,0.6
2/10/2009,0
2/11/2009,0
2/12/2009,0
2/13/2009,0
2/14/2009,0
2/15/2009,0
2/16/2009,0
2/17/2009,0
2/18/2009,0
2/19/2009,0
2/20/2009,0
2/21/2009,0.2
2/22/2009,0
2/23/2009,0
2/24/2009,0
2/25/2009,1.2
2/26/2009,0.2
2/27/2009,0
2/28/2009,0
3/1/2009,1.6
3/2/2009,0
3/3/2009,0.8
3/4/2009,2.4
3/5/2009,2
3/6/2009,6.6
3/7/2009,0.4
3/8/2009,0
3/9/2009,0
3/10/2009,0
3/11/2009,0
3/12/2009,5.4
3/13/2009,3
3/14/2009,0.4
3/15/2009,20.4
3/16/2009,0.4
3/17/2009,0.2
3/18/2009,0
3/19/2009,0
3/20/2009,0
3/21/2009,0
3/22/2009,0
3/23/2009,1.6
3/24/2009,0
3/25/2009,2.4
3/26/2009,0
3/27/2009,0
3/28/2009,0
3/29/2009,0
3/30/2009,0
3/31/2009,0
4/1/2009,0
4/2/2009,0
4/3/2009,0
4/4/2009,18
4/5/2009,0
4/6/2009,0.2
4/7/2009,2.2
4/8/2009,1.6
4/9/2009,0
4/10/2009,0
4/11/2009,0
4/12/2009,0
4/13/2009,0
4/14/2009,0
4/15/2009,1.2
4/16/2009,0
4/17/2009,0
4/18/2009,0
4/19/2009,0
4/20/2009,0
4/21/2009,0
4/22/2009,0
4/23/2009,0
4/24/2009,0
4/25/2009,3.4
4/26/2009,2.6
4/27/2009,1.8
4/28/2009,6.6
4/29/2009,1.6
4/30/2009,0
5/1/2009,0
5/2/2009,0
5/3/2009,0
5/4/2009,0
5/5/2009,0
5/6/2009,0
5/7/2009,0
5/8/2009,0.2
5/9/2009,3.2
5/10/2009,0
5/11/2009,0.2
5/12/2009,0
5/13/2009,0.2
5/14/2009,0
5/15/2009,0
5/16/2009,0.4
5/17/2009,0
5/18/2009,0
5/19/2009,0
5/20/2009,0
5/21/2009,0
5/22/2009,0
5/23/2009,0
5/24/2009,0
5/25/2009,0
5/26/2009,4
5/27/2009,0
5/28/2009,0.6
5/29/2009,1.8
5/30/2009,0
5/31/2009,0
6/1/2009,0
6/2/2009,0.2
6/3/2009,1.8
6/4/2009,1.8
6/5/2009,0
6/6/2009,0
6/7/2009,0.6
6/8/2009,1.6
6/9/2009,3.2
6/10/2009,7
6/11/2009,6.6
6/12/2009,0
6/13/2009,0
6/14/2009,0.2
6/15/2009,0
6/16/2009,0
6/17/2009,0
6/18/2009,0
6/19/2009,0
6/20/2009,0
6/21/2009,0
6/22/2009,1.2
6/23/2009,0
6/24/2009,1.6
6/25/2009,0
6/26/2009,0
6/27/2009,0
6/28/2009,0
6/29/2009,0
6/30/2009,0
7/1/2009,2.6
7/2/2009,0.2
7/3/2009,7.2
7/4/2009,1.2
7/5/2009,1
7/6/2009,0
7/7/2009,0.4
7/8/2009,0
7/9/2009,0
7/10/2009,0
7/11/2009,2.2
7/12/2009,0.6
7/13/2009,0
7/14/2009,1
7/15/2009,0
7/16/2009,0
7/17/2009,0
7/18/2009,0
7/19/2009,0
7/20/2009,0
7/21/2009,0
7/22/2009,0
7/23/2009,15.6
7/24/2009,0
7/25/2009,0
7/26/2009,0
7/27/2009,0
7/28/2009,0
7/29/2009,0
7/30/2009,0.4
7/31/2009,7.2
8/1/2009,0.2
8/2/2009,0.4
8/3/2009,3.2
8/4/2009,0
8/5/2009,5.2
8/6/2009,0
8/7/2009,1
8/8/2009,0
8/9/2009,0
8/10/2009,0
8/11/2009,0.6
8/12/2009,5.8
8/13/2009,0.4
8/14/2009,1
8/15/2009,0
8/16/2009,0
8/17/2009,5.4
8/18/2009,0
8/19/2009,0
8/20/2009,2.8
8/21/2009,1
8/22/2009,0.2
8/23/2009,0
8/24/2009,0.2
8/25/2009,5.6
8/26/2009,4
8/27/2009,0
8/28/2009,0
8/29/2009,0
8/30/2009,4.2
8/31/2009,0
9/1/2009,1.6
9/2/2009,0
9/3/2009,0
9/4/2009,1.4
9/5/2009,2.6
9/6/2009,0
9/7/2009,0.8
9/8/2009,4.8
9/9/2009,0.8
9/10/2009,0
9/11/2009,0
9/12/2009,0
9/13/2009,0
9/14/2009,0
9/15/2009,0
9/16/2009,0
9/17/2009,0
9/18/2009,12.6
9/19/2009,0
9/20/2009,2.6
9/21/2009,0
9/22/2009,16.6
9/23/2009,0
9/24/2009,0.4
9/25/2009,8
9/26/2009,11.8
9/27/2009,2
9/28/2009,3.6
9/29/2009,1.6
9/30/2009,0
10/1/2009,0
10/2/2009,0
10/3/2009,0
10/4/2009,0
10/5/2009,0
10/6/2009,3
10/7/2009,0.8
10/8/2009,0.4
10/9/2009,0
10/10/2009,0
10/11/2009,0
10/12/2009,0.8
10/13/2009,0.8
10/14/2009,3.2
10/15/2009,1.8
10/16/2009,5.4
10/17/2009,1.2
10/18/2009,0
10/19/2009,0
10/20/2009,0
10/21/2009,0
10/22/2009,0
10/23/2009,0
10/24/2009,0
10/25/2009,0
10/26/2009,0
10/27/2009,0
10/28/2009,0
10/29/2009,0
10/30/2009,0.6
10/31/2009,4
11/1/2009,4.6
11/2/2009,0
11/3/2009,0.8
11/4/2009,0
11/5/2009,0
11/6/2009,0
11/7/2009,0
11/8/2009,0
11/9/2009,0
11/10/2009,0
11/11/2009,0
11/12/2009,0
11/13/2009,0
11/14/2009,0
11/15/2009,0
11/16/2009,0
11/17/2009,0
11/18/2009,0
11/19/2009,0
11/20/2009,0
11/21/2009,1.2
11/22/2009,45.8
11/23/2009,16
11/24/2009,0
11/25/2009,0
11/26/2009,3.6
11/27/2009,5.6
11/28/2009,4.8
11/29/2009,10.6
11/30/2009,10.6
12/1/2009,0
12/2/2009,0
12/3/2009,0
12/4/2009,0
12/5/2009,0
12/6/2009,0
12/7/2009,0
12/8/2009,8.2
12/9/2009,13.2
12/10/2009,0
12/11/2009,11.6
12/12/2009,0
12/13/2009,0
12/14/2009,0
12/15/2009,0
12/16/2009,0
12/17/2009,0
12/18/2009,11.2
12/19/2009,0.2
12/20/2009,0
12/21/2009,0
12/22/2009,0
12/23/2009,0
12/24/2009,0
12/25/2009,15.8
12/26/2009,0
12/27/2009,0
12/28/2009,0
12/29/2009,0
12/30/2009,0
12/31/2009,0
1/1/2010,10.6
1/2/2010,5
1/3/2010,0
1/4/2010,0
1/5/2010,0
1/6/2010,0
1/7/2010,0
1/8/2010,0
1/9/2010,0
1/10/2010,0
1/11/2010,0
1/12/2010,0
1/13/2010,0.2
1/14/2010,0
1/15/2010,0
1/16/2010,0
1/17/2010,0
1/18/2010,2.6
1/19/2010,7.2
1/20/2010,0
1/21/2010,0
1/22/2010,0
1/23/2010,0
1/24/2010,0
1/25/2010,0
1/26/2010,0
1/27/2010,0
1/28/2010,0
1/29/2010,0
1/30/2010,0
1/31/2010,0
2/1/2010,1.4
2/2/2010,0
2/3/2010,0
2/4/2010,0
2/5/2010,15
2/6/2010,2
2/7/2010,0
2/8/2010,0
2/9/2010,0
2/10/2010,0
2/11/2010,0
2/12/2010,35.2
2/13/2010,0
2/14/2010,9.2
2/15/2010,0
2/16/2010,0
2/17/2010,0
2/18/2010,0
2/19/2010,0
2/20/2010,0
2/21/2010,0
2/22/2010,0
2/23/2010,0
2/24/2010,0
2/25/2010,0
2/26/2010,0
2/27/2010,0
2/28/2010,0
3/1/2010,0.4
3/2/2010,0
3/3/2010,0
3/4/2010,0
3/5/2010,1
3/6/2010,1.2
3/7/2010,39.2
3/8/2010,27.2
3/9/2010,7
3/10/2010,0
3/11/2010,0.2
3/12/2010,0
3/13/2010,0
3/14/2010,0
3/15/2010,0
3/16/2010,0
3/17/2010,0
3/18/2010,0
3/19/2010,0
3/20/2010,0.2
3/21/2010,0
3/22/2010,0
3/23/2010,0
3/24/2010,0
3/25/2010,0
3/26/2010,0
3/27/2010,0
3/28/2010,0
3/29/2010,8
3/30/2010,0.4
3/31/2010,0
4/1/2010,0
4/2/2010,0
4/3/2010,0
4/4/2010,0
4/5/2010,0
4/6/2010,0
4/7/2010,6.8
4/8/2010,0.2
4/9/2010,0
4/10/2010,0.2
4/11/2010,3.6
4/12/2010,0.4
4/13/2010,0.6
4/14/2010,0
4/15/2010,0
4/16/2010,0
4/17/2010,0
4/18/2010,0
4/19/2010,0
4/20/2010,0
4/21/2010,1
4/22/2010,0
4/23/2010,0
4/24/2010,5
4/25/2010,0.4
4/26/2010,0
4/27/2010,0
4/28/2010,0.8
4/29/2010,2.2
4/30/2010,0.2
5/1/2010,0
5/2/2010,0
5/3/2010,0
5/4/2010,0
5/5/2010,4.2
5/6/2010,2.2
5/7/2010,0
5/8/2010,4.8
5/9/2010,0
5/10/2010,0
5/11/2010,3.8
5/12/2010,0
5/13/2010,0.2
5/14/2010,1
5/15/2010,0
5/16/2010,0
5/17/2010,0
5/18/2010,0
5/19/2010,0
5/20/2010,0
5/21/2010,0
5/22/2010,0
5/23/2010,0
5/24/2010,0
5/25/2010,4.2
5/26/2010,1.8
5/27/2010,0
5/28/2010,0.4
5/29/2010,1.8
5/30/2010,0.6
5/31/2010,0
6/1/2010,0
6/2/2010,0
6/3/2010,0
6/4/2010,0
6/5/2010,0
6/6/2010,16.8
6/7/2010,4.8
6/8/2010,0
6/9/2010,2.6
6/10/2010,2.8
6/11/2010,0.6
6/12/2010,2.8
6/13/2010,0.2
6/14/2010,0
6/15/2010,0
6/16/2010,0
6/17/2010,0
6/18/2010,4.6
6/19/2010,3.8
6/20/2010,0.6
6/21/2010,1.8
6/22/2010,0
6/23/2010,0
6/24/2010,0
6/25/2010,0.4
6/26/2010,11.8
6/27/2010,8
6/28/2010,0
6/29/2010,0
6/30/2010,1.8
7/1/2010,0
7/2/2010,0
7/3/2010,3.8
7/4/2010,0
7/5/2010,0
7/6/2010,0
7/7/2010,0
7/8/2010,0
7/9/2010,0
7/10/2010,0
7/11/2010,0
7/12/2010,0
7/13/2010,0
7/14/2010,1.2
7/15/2010,5.2
7/16/2010,0
7/17/2010,0
7/18/2010,0
7/19/2010,8.6
7/20/2010,0
7/21/2010,5.6
7/22/2010,0
7/23/2010,2
7/24/2010,0
7/25/2010,0
7/26/2010,0
7/27/2010,0
7/28/2010,0
7/29/2010,4.4
7/30/2010,0
7/31/2010,0
8/1/2010,3.4
8/2/2010,6
8/3/2010,4.4
8/4/2010,0
8/5/2010,4.8
8/6/2010,2.2
8/7/2010,0
8/8/2010,0
8/9/2010,0
8/10/2010,1.4
8/11/2010,7.2
8/12/2010,16.2
8/13/2010,1.8
8/14/2010,0
8/15/2010,0
8/16/2010,6
8/17/2010,1.4
8/18/2010,0
8/19/2010,0
8/20/2010,0.8
8/21/2010,1.2
8/22/2010,0.2
8/23/2010,0
8/24/2010,1.4
8/25/2010,8.2
8/26/2010,0.2
8/27/2010,1.2
8/28/2010,0.2
8/29/2010,0
8/30/2010,0
8/31/2010,0
9/1/2010,5.8
9/2/2010,6.2
9/3/2010,0
9/4/2010,9.6
9/5/2010,3.8
9/6/2010,1.8
9/7/2010,11.2
9/8/2010,0
9/9/2010,0
9/10/2010,2.6
9/11/2010,0.6
9/12/2010,0
9/13/2010,0
9/14/2010,0
9/15/2010,0
9/16/2010,1.2
9/17/2010,0.6
9/18/2010,0
9/19/2010,3
9/20/2010,0
9/21/2010,0.4
9/22/2010,0
9/23/2010,0
9/24/2010,0
9/25/2010,0
9/26/2010,0.4
9/27/2010,0.2
9/28/2010,4.4
9/29/2010,1.2
9/30/2010,0
10/1/2010,0
10/2/2010,0
10/3/2010,0
10/4/2010,0
10/5/2010,1.8
10/6/2010,0
10/7/2010,17.4
10/8/2010,0
10/9/2010,0
10/10/2010,0
10/11/2010,0
10/12/2010,0
10/13/2010,9.4
10/14/2010,4
10/15/2010,12
10/16/2010,22.6
10/17/2010,1.6
10/18/2010,0
10/19/2010,1.4
10/20/2010,0
10/21/2010,0
10/22/2010,0
10/23/2010,6.8
10/24/2010,1.8
10/25/2010,0
10/26/2010,0
10/27/2010,2.4
10/28/2010,0
10/29/2010,0
10/30/2010,2.2
10/31/2010,61.4
11/1/2010,3.8
11/2/2010,0.6
11/3/2010,4
11/4/2010,5.2
11/5/2010,0
11/6/2010,0
11/7/2010,0.2
11/8/2010,0
11/9/2010,0
11/10/2010,0
11/11/2010,0
11/12/2010,0
11/13/2010,20
11/14/2010,15.6
11/15/2010,1.2
11/16/2010,0.2
11/17/2010,0
11/18/2010,0
11/19/2010,2.6
11/20/2010,0
11/21/2010,0.2
11/22/2010,0.2
11/23/2010,0
11/24/2010,0
11/25/2010,23
11/26/2010,1.8
11/27/2010,14.2
11/28/2010,21.4
11/29/2010,0.6
11/30/2010,0.4
12/1/2010,0.2
12/2/2010,5
12/3/2010,7.8
12/4/2010,0.2
12/5/2010,0
12/6/2010,0
12/7/2010,2.4
12/8/2010,2.8
12/9/2010,28.8
12/10/2010,2.4
12/11/2010,0.2
12/12/2010,0.4
12/13/2010,4.6
12/14/2010,0
12/15/2010,0
12/16/2010,0.8
12/17/2010,0
12/18/2010,2.8
12/19/2010,2.8
12/20/2010,22.2
12/21/2010,0
12/22/2010,1.4
12/23/2010,0
12/24/2010,0
12/25/2010,0
12/26/2010,0
12/27/2010,0.4
12/28/2010,0
12/29/2010,0
12/30/2010,0
12/31/2010,0
1/1/2011,0
1/2/2011,0
1/3/2011,0
1/4/2011,0
1/5/2011,0
1/6/2011,0
1/7/2011,0
1/8/2011,0
1/9/2011,0.6
1/10/2011,0.2
1/11/2011,7
1/12/2011,15.4
1/13/2011,4.8
1/14/2011,28.2
1/15/2011,22.4
1/16/2011,0
1/17/2011,0
1/18/2011,0
1/19/2011,0
1/20/2011,0
1/21/2011,0
1/22/2011,0
1/23/2011,0
1/24/2011,4.6
1/25/2011,0
1/26/2011,6.2
1/27/2011,0.2
1/28/2011,0
1/29/2011,0
1/30/2011,0
1/31/2011,0
2/1/2011,0
2/2/2011,0
2/3/2011,0
2/4/2011,2.4
2/5/2011,82.4
2/6/2011,2
2/7/2011,2.6
2/8/2011,3.2
2/9/2011,0
2/10/2011,0
2/11/2011,1.8
2/12/2011,4.4
2/13/2011,0
2/14/2011,0
2/15/2011,0
2/16/2011,0
2/17/2011,4.6
2/18/2011,0
2/19/2011,15.4
2/20/2011,0
2/21/2011,0.6
2/22/2011,0.2
2/23/2011,0
2/24/2011,0
2/25/2011,0
2/26/2011,0
2/27/2011,9.8
2/28/2011,2
3/1/2011,0.2
3/2/2011,0.4
3/3/2011,0
3/4/2011,0
3/5/2011,0
3/6/2011,0
3/7/2011,0
3/8/2011,0
3/9/2011,0.2
3/10/2011,11.2
3/11/2011,0.2
3/12/2011,0
3/13/2011,0
3/14/2011,6.2
3/15/2011,0.2
3/16/2011,0
3/17/2011,0
3/18/2011,0
3/19/2011,0
3/20/2011,2
3/21/2011,0.2
3/22/2011,0
3/23/2011,0
3/24/2011,0
3/25/2011,9.4
3/26/2011,0.2
3/27/2011,0
3/28/2011,0
3/29/2011,0
3/30/2011,0
3/31/2011,0
4/1/2011,0
4/2/2011,0
4/3/2011,0
4/4/2011,2.4
4/5/2011,0.2
4/6/2011,0
4/7/2011,0
4/8/2011,0
4/9/2011,0
4/10/2011,17.6
4/11/2011,1.4
4/12/2011,51
4/13/2011,13
4/14/2011,1.2
4/15/2011,0.4
4/16/2011,0
4/17/2011,0
4/18/2011,8.4
4/19/2011,0
4/20/2011,0
4/21/2011,14.6
4/22/2011,3.8
4/23/2011,0.2
4/24/2011,0
4/25/2011,0
4/26/2011,0
4/27/2011,0
4/28/2011,0
4/29/2011,0
4/30/2011,0
5/1/2011,0
5/2/2011,21.2
5/3/2011,0
5/4/2011,0
5/5/2011,0.6
5/6/2011,0
5/7/2011,0
5/8/2011,0
5/9/2011,6.8
5/10/2011,0
5/11/2011,4.2
5/12/2011,6.8
5/13/2011,11
5/14/2011,8
5/15/2011,1.4
5/16/2011,0
5/17/2011,0
5/18/2011,0
5/19/2011,0
5/20/2011,0
5/21/2011,0
5/22/2011,0
5/23/2011,3.4
5/24/2011,1.2
5/25/2011,1.2
5/26/2011,0
5/27/2011,1.6
5/28/2011,1
5/29/2011,0
5/30/2011,0
5/31/2011,0
6/1/2011,0
6/2/2011,0
6/3/2011,0
6/4/2011,0
6/5/2011,0.2
6/6/2011,4.6
6/7/2011,0
6/8/2011,6.6
6/9/2011,2.6
6/10/2011,0
6/11/2011,0
6/12/2011,0
6/13/2011,0
6/14/2011,0.2
6/15/2011,0
6/16/2011,0
6/17/2011,4.4
6/18/2011,1.4
6/19/2011,0
6/20/2011,0.4
6/21/2011,7.2
6/22/2011,4.2
6/23/2011,0.2
6/24/2011,0.4
6/25/2011,0
6/26/2011,0
6/27/2011,0
6/28/2011,0
6/29/2011,0
6/30/2011,0
7/1/2011,0
7/2/2011,0
7/3/2011,0
7/4/2011,0.2
7/5/2011,0
7/6/2011,1.8
7/7/2011,2.4
7/8/2011,0
7/9/2011,0
7/10/2011,0
7/11/2011,3.2
7/12/2011,0
7/13/2011,0.4
7/14/2011,7.2
7/15/2011,0.2
7/16/2011,0
7/17/2011,0
7/18/2011,9.2
7/19/2011,0.6
7/20/2011,0.2
7/21/2011,0
7/22/2011,0.8
7/23/2011,0
7/24/2011,3.4
7/25/2011,1.8
7/26/2011,5.2
7/27/2011,0.2
7/28/2011,0.2
7/29/2011,0
7/30/2011,0
7/31/2011,0.4
8/1/2011,0
8/2/2011,0.4
8/3/2011,0
8/4/2011,0
8/5/2011,0
8/6/2011,0
8/7/2011,4
8/8/2011,0.8
8/9/2011,0.2
8/10/2011,1.2
8/11/2011,3.4
8/12/2011,0
8/13/2011,0
8/14/2011,0
8/15/2011,0.2
8/16/2011,2.8
8/17/2011,0
8/18/2011,3.6
8/19/2011,2.2
8/20/2011,0
8/21/2011,0
8/22/2011,0
8/23/2011,0
8/24/2011,0
8/25/2011,0
8/26/2011,0
8/27/2011,0
8/28/2011,0
8/29/2011,0.2
8/30/2011,0
8/31/2011,0
9/1/2011,0
9/2/2011,0
9/3/2011,0
9/4/2011,0
9/5/2011,0
9/6/2011,0
9/7/2011,0
9/8/2011,0
9/9/2011,7.8
9/10/2011,8
9/11/2011,0.6
9/12/2011,0.2
9/13/2011,0
9/14/2011,0.2
9/15/2011,0.6
9/16/2011,0
9/17/2011,0
9/18/2011,0
9/19/2011,0.2
9/20/2011,3.8
9/21/2011,0
9/22/2011,0
9/23/2011,0
9/24/2011,0
9/25/2011,0
9/26/2011,0
9/27/2011,0
9/28/2011,0
9/29/2011,46.8
9/30/2011,3.8
10/1/2011,10.6
10/2/2011,3.2
10/3/2011,0.2
10/4/2011,0
10/5/2011,0
10/6/2011,0
10/7/2011,0
10/8/2011,2
10/9/2011,0.6
10/10/2011,0.8
10/11/2011,2
10/12/2011,0
10/13/2011,0.2
10/14/2011,0
10/15/2011,0
10/16/2011,1.2
10/17/2011,1.2
10/18/2011,0
10/19/2011,0
10/20/2011,0
10/21/2011,4.4
10/22/2011,2.2
10/23/2011,4.8
10/24/2011,0.2
10/25/2011,7.6
10/26/2011,0
10/27/2011,0
10/28/2011,0
10/29/2011,18.2
10/30/2011,3
10/31/2011,1.8
